<?xml version="1.0" encoding="UTF-8"?>
<project-private xmlns="http://www.netbeans.org/ns/project-private/1">
    <editor-bookmarks xmlns="http://www.netbeans.org/ns/editor-bookmarks/2" lastBookmarkId="3">
        <file>
            <url>src/edu/hdsb/gwss/ics4u/u1/SubPalindrome.java</url>
            <bookmark id="3">
                <name/>
                <line>75</line>
                <key/>
            </bookmark>
        </file>
    </editor-bookmarks>
    <open-files xmlns="http://www.netbeans.org/ns/projectui-open-files/2">
        <group>
            <file>file:/C:/Users/nwu10/Documents/GitHub/ICS4U-Nathan/ICS4U.java/data/random.sentence.generator/Poem.g</file>
            <file>file:/C:/Users/nwu10/Documents/GitHub/ICS4U-Nathan/ICS4U.java/src/edu/hdsb/gwss/ics4u/u3/RandomScentenceGenerator.java</file>
        </group>
    </open-files>
</project-private>
